{
    "type": "minecraft:crafting_shaped",
    "category": "misc",
    "group": "sticks",
    "pattern": [
        "V",
        "#",
        "#"
    ],
    "key": {
        "#": {
            "item": "minecraft:stick"
        },
        "V": {
            "item": "minecraft:feather"
        }
    },
    "result": {
        "id": "minecraft:stick",
        "count": 1,
        "components": {
            "minecraft:enchantments": {
                "levels": {
                    "minecraft:knockback": 5,
                    "minecraft:wind_burst": 1
                }
            },
            "minecraft:item_name": "[{'text':'Knockback Stick', 'color':'blue'}]"
        }
    }
}